DataSet,psnr,ssim
run-01_offline,28.28355548400584,0.6294627844551464
run-02_biasCorrected,25.382021183656306,0.38934266343458523
run-02_offline,27.538807019213507,0.5433163545269897
