DataSet,psnr,ssim
run-01_offline,34.6314821102377,0.9285903252937175
run-02_biasCorrected,33.72921315338347,0.9000602429637323
run-02_offline,34.313001336381014,0.9211761573086614
