DataSet,psnr,ssim
run-01_offline,30.903364361504178,0.8189219276846191
run-02_biasCorrected,29.458380969612744,0.7059543966840152
run-02_offline,30.545490330599335,0.7865327254585598
