DataSet,psnr,ssim
IM,26.326115870586236,0.7107180598853291
NORMAL2,25.69075286071338,0.6920146725394509
