DataSet,psnr,ssim
IM,27.670589578526965,0.7364206400470458
NORMAL2,27.141128217355668,0.7267012419122638
