DataSet,psnr,ssim
IM,28.386497127247186,0.768293477486873
NORMAL2,28.041364504116547,0.768998731988849
